{
  "train_accuracy": 0.9204545454545454,
  "test_accuracy": 0.8695652173913043,
  "roc_auc": 0.8928571428571429,
  "confusion_matrix": [
    [
      6,
      1
    ],
    [
      2,
      14
    ]
  ],
  "timestamp": "2025-12-04T11:39:16.222407"
}